ID,Joke
1,"[me narrating a documentary about narrators] ""I can't hear what they're saying cuz I'm talking"""
2,"Telling my daughter garlic is good for you. Good immune system and keeps pests away.Ticks, mosquitos, vampires... men."
3,I've been going through a really rough period at work this week It's my own fault for swapping my tampax for sand paper.
4,"If I could have dinner with anyone, dead or alive... ...I would choose alive. -B.J. Novak-"
5,Two guys walk into a bar. The third guy ducks.
6,Why can't Barbie get pregnant? Because Ken comes in a different box. Heyooooooo
7,Why was the musician arrested? He got in treble.
8,Did you hear about the guy who blew his entire lottery winnings on a limousine? He had nothing left to chauffeur it.
9,What do you do if a bird shits on your car? Don't ask her out again.
10,He was a real gentlemen and always opened the fridge door for me
11,"Telling my daugthers date that ""she has lice and its very contagious the closer you get to her."" *Correct way to parent."
12,What should you do before criticizing Pac-Man? WAKA WAKA WAKA mile in his shoes
13,What's the difference between an illegal Mexican and an autonomous robot...? Nothing... they were both made to steal American jobs.
14,What do you call a barbarian you can't see? an Invisigoth.
15,"How do you spell Canda? C,eh,N,eh,D,eh"
16,You ever notice that the most dangerous thing about marijuana is getting caught with it?
17,"What did Arnold Schwarzenegger say at the abortion clinic? Hasta last vista, baby."
18,"My wife is in a bad mood. I think her boyfriend forgot their anniversary. Way to go, dude. Now we all suffer..."
19,My speech today will be like a mini-skirt. Long enough to cover the essentials but short enough to hold your attention!
20,Thanksgiving joke What does Miley Cyrus eat for Thanksgiving? Twerky! Just kidding... Drugs. She eats drugs. -Adam Zopf @adamzopf
21,Why do you never see elephants hiding in trees? 'Cause they are freaking good at it
22,How did the blonde die raking leaves? She fell out of the tree.
23,"""That guy is such a douche-bag! Is he single? Maybe I can fix him!""  women"
24,"My son just got a tattoo of a heart, a spade, a club, and a diamond, all without my permission. I guess I'll deal with him later."
25,What do you call a potato in space? Spudnik
26,How to get a cop's attention
27,What happens to a necrophiliac after death? Reserection
28,Why did the chicken hold a seance? To get to the other side.
29,Where do baby cows go to eat lunch? At the calf-eteria.
30,What's the difference between a painting and Jesus. You only require one nail to put up the painting.
31,"Mom: ""Do you want this?"" Me: ""No."" Mom: ""Ok I'll give it to your brother."" Me: ""No I want it."""
32,How do you fit 4 gays on one barstool? Flip it over!
33,I am looking forward to 6pm Thanksgiving Day when Walmart opens its doors for its annual sale of trampled human corpses.
34,"Yttrium-barium-copper oxide walks into a bar The bartender tells him, ""We don't serve superconductors here."" He leaves without resistance."
35,A guy pick up a woman Then he puts her down
36,"Every night, I take all of the singles out of my wallet, spread them on the bed, and pretend I was pretty that day."
37,Which gospel contains Jesus' parable about the shades of numbers? Math hue.
38,Ibuprofen is my favorite headache medicine that also sounds like a reggae professor.
39,Ted Cruz getting elected.
40,Before I destroy a wasp's nest I like to capture a single wasp and tell it my entire diabolical plan.
41,What's Al-Qaeda's favorite American football team? The New York jets.
42,"INTERVIEWER: Why do you want to work here? ME: *crumbs tumbling from my mouth* Oh, I don't. I was just walking by and saw you had donuts."
43,Coming on valentines day. Fifty shades of grey. There won't be a dry seat in the cinema.
44,Did you hear about the midget psychic who escaped from prison? He's a small medium at large.
45,"Someone didnt click the button in /r/thebutton Yeah... Thats a good joke , he impossible!"
46,"What's the difference between a car tyre, and 365 condoms? One's a Goodyear, an the other's a great year."
47,"Roses are red, Violets are blue. I have a gun. Get in the van."
48,I've struggled for years to be above the influence... But I've never been able to get that high
49,"With Facebook, you can stay in touch with people you would otherwise never talk to, but that's only one of the many awful things about it"
50,"What's the difference between a blonde and a washer? When you dump your load in a washer, it doesn't follow you around for a week."
51,"Have you ever heard of the movie ""Constipation""? No? Most likely because it never came out."
52,"What's black, blue and doesn't look too well? Stevie Wonder"
53,I saw a French rifle on eBay today It's never been fired but I heard it was dropped once.
54,What did the car said to the valet? I've been through a lot.
55,"Bill Clinton must be the luckiest man in the world. All of the sex he has, with Hillary, you know it's hate sex."
56,yeah girl.. shake that thing where poop comes out of. it really turns me on when your poop factory shakes faster than usual
57,"""I can't stand when people say they hate both of the presidential candidates."" --Stephen Hawking"
58,A Mexican fireman had twin boys He named them Jose and Hose B
59,"I was drinking at the bar, so I took a bus home. That may not be a big deal to you, but I've never driven a bus before!"
60,Donald Trump will ban the sale of shredded cheese He wants to make America grate again
61,"Things have really turned around for me since I re-named my penis and testicles ""JD Power and Associates""."
62,My sex face is the same as my first pee in three hours face.
63,My cat just walked by me carrying a toy mouse I don't remember buying her. Women be shoppin!!!!!!!!!!!!!!!!!!!!!!!!!!!!!!!!!!!!!!!!!!!!!!!!!
64,Why did the Xbox owner cross the road? To fuck your mom.
65,"Sometimes you check the amount of subscribed people. When you do this, there are 4,111,093,0003.666 ""humorists"". 2/3rds of a person? Really?"
66,"I don't believe in Bigfoot; because he never believed in me. I'd scan the crowd at my ballet recitals, and always see that one empty seat."
67,What did the porn actress say when she opened the door? Make sure to come upstairs.
68,"I don't judge people based on color, race, religion, sexuality, or gender...I base it on whether or not they're an asshole."
69,Why were the baker's hands brown? Because he kneaded a poo.
70,"Not to get too technical, but chemistry says alcohol IS a solution. So I win."
71,"I often think if I'd taken a different path in life, I could be lying on a slightly more comfortable sofa right now."
72,I'm terrible at telling jokes... I always punch up the fuck lines
73,What did the hillbilly say to his sister after she asked him to have sex with her? If you incest.
74,"""You know what, we need a huge spoon to take care of this"" -Guy who invented shovels"
75,How to keep the flies off the bride at an Italian wedding Keep a bucket of shit next to her
76,"What do grandparents smell like? ""Depends"""
77,7% of all hearing loss is a result of sitting in a restaurant next to a table full of women who just received dessert.
78,What do people from the 1930's and /r/news jokes have in common? They're both old.
79,I like my slaves like I like my coffee Fair Trade.
80,ME: I fell off a 50 ft tall ladder once GIRL: holy cow how did you survive ME: I fell off the bottom rung
81,What do you call a blind dinosaur? A do-think-he-saurus :) !! Lol What do you call a blind dinosaurs dog? A do-you-think-he-saurus-rex
82,I just bought a very tiny amphibian for a pet. It's my-newt!
83,"This may be not be a mainstream opinion, but I don't believe you should cut down a Christmas tree unless you intend on eating it."
84,"Jenna Jameson to Oprah, ""There's a little bit of Jenna Jameson in everyone."" I'm pretty sure she got that backwards."
85,"Even after 20 years, Jared Fogle is still getting into smaller and smaller jeans."
86,"I have a degree in men's studies. It's called ""world history"". #TRUMP 2016! YOU CAN'T STUMP THE TRUMP!"
87,"Why don't most fans like the first 39 episodes of DBZ? Its pretty gay, just Saiyan."
88,My ex-wife still misses me... But her aim is gettin better.
89,"This doctor once told me eating a bagel was like eating 5 slices of bread and I was like ok, cool, I like bread"
90,What do you call a three-humped camel? Pregnant (Told to me by one of the kids at work)
91,"What did the two tampons say to each other? Nothing, they're both stuck-up cunts."
92,What do you call Jay-Z having a leg transplant? A hip-hop hip op.
93,"What defies the law of gravity? Women. They heavier they are, the easier they are to pick up."
94,"Everything has to be related in a woman: if the mouth shuts, the legs open."
95,Wanna hear a pun about long hair? Rapunzel.
96,"""I'm so pissed I could punch a ba-"" ""A what?"" Big Baby from Toy Story 3 hovers over me, sawed-off shotgun in hand. ""A bagel. I HATE carbs."""
97,What's the difference Donald Trump and my Vagina? One's a Cunt and the other has nice hair.
98,My doctor had to put me on a new medication that's supposed to help lower the amount of karate in my blood
99,[uses the restroom] Wife: make sure to put the toilet seat down Me: okay Me: [to toilet seat] you're worthless and nobody likes you
100,Q: What's the difference between a blonde and a supermarket trolley? A: The supermarket trolley has a mind of its own.
101,"You know... When someone says to you ""Jesus loves you."" It's always comforting. Unless you are in a Mexican jail."
102,"When I hear ""This call is being monitored for quality assurance"" I think ""Cool, let's see how bad this person wants their job."""
103,"You know what the definition of ""competitive"" is? Finishing first *and* third in a circlejerk."
104,How do you know if your wine was made in the 90's? It smells like teen spirit.
105,What was the name of Paul Revere's favorite porno mag? The British are Coming
106,"[car wreck] [hand reaches out] ""Take my hand. I'm Chad Kroeger from the popular band Nickelback."" [I let the flames slowly bake me alive]"
107,Just waiting for Steve Harvey to come out and say it's actually Clinton any second now
108,Chicken Why did the chicken cross the road? Why? To go to the gay guys house Knock knock Who's there? The chicken
109,Teacher: Why do we put a hyphen in a bird-cage?  Pupil: For a parrot to perch on miss.
110,"I visited Amsterdam this summer, and decided to have sex with a prostitute. It was an overall positive experience. Sadly, it was an HIV positive experience."
111,"Yup. If pasta & antipasta ever touch, they annihilate. For your safety, that's why restaurants never serve them together."
112,"Alcohol is like Lysol for feelings, it won't kill all of them."
113,"When my wife takes a nap, it's ""desperately needed rest."" When I do, it's ""lazy chauvinist party-time."""
114,"""Update the Force, young Skywalker"" Said Adobe Wan Kenobi."
115,lookin for a quick and easy way to beef up that scrawny bod and really turn some heads at the beach? float dead in a lake
116,TIL A ref can show a player the red card for a loud fart ... even if it isn't Messi.
117,What did the wise man say to the fat guy? You should probably go on a diet.
118,Who is better? The 3rd wave feminist or the pencil? The pencil is better. It has a point.
119,"Guys, I think I found the Cure to Aids! It requires having a Magic Johnson."
120,Why do you call a Mexican midget a paragraph? ...because he's too short to be called an essay.
121,"This morning I had a swollen testicle. ""I'd have simply preferred toast,"" I told my wife."
122,"""What's that?"" A divorce jar. Every time we fight you put a dollar in and I'm a little bit closer to freedom. *puts in dollar* ""WTH!?!"""
123,What do you call a blonde in a BMW? Optional.
124,"If you have a parrot and you don't teach it to say,""Help, they've turned me into a parrot."" you are wasting everybody's time."
125,"My 8 y/o memorized my 12 character password that has upper and lowercase letters, numbers and symbols but can't remember to flush the toilet"
126,What do you call a racist dog from Animal Crossing? KKK Slider
127,"Me: waiter, do you have frog legs? Waiter: of course monsieur Me: good, hop over there and get me a beer"
128,"It's comforting to know that the US government works the same way as a college student when it comes to deadlines... They both wait until the last minute, then get an extension."
129,"What did the man with The World's Largest Penis say when he had to have his legs amputated ""Don't worry, I still have my third one."""
130,What's the worse thing to do to a blind person? Leave a plunger in the toilet
131,"When I was interviewed for a job in the chemistry department, they asked me if I had lab experience. I said I was more of a cat person."
132,There are two types of people in this world. And I hate them both.
133,I'd give these pigeons some bread but they'd probably just spend it on drugs.
134,Two skeptics walk into a bar.. I'd tell you what happens next but noone knows
135,Everytime you pull the trigger a bullet loses its job...HAHAHAHA! Because it gets FIRED. HAHAHA! *I'm in tears*
136,"In China the labels read, ""Made by someone you know."""
137,It would be great to be born on Earth and die on Mars. Preferably not on the point of impact.
138,"You could be a ""Before"" model."
139,"Descartes walks into the bar. The bartender asks him, ""will you have your usual tonight?"" Rene replies ""I think not"" and he disappears."
140,"Anyone want to hear my Human Centipede joke? Nah, I won't tell you it. It sucks ass."
141,My dog can predict when an earthquake is going to happen. But television doorbell versus actual doorbell baffles him every time.
142,My favorite knock knock joke. I need someone to start it ... Someone start the knock knock joke ...
143,My Parents asked me what i wanted for christmas... I said i want something to wear and something to play with. So they got me a pair of pants with the pockets cut out.
144,"With 10K characters, I can finally get into great detail about how I'm not allowed at the company family picnic any more!"
145,"[at my funeral] So young, how did he die? He ran into oncoming traffic after walking past a group of adults saying the word ""bae"""
146,"Stealing my little brother's (fellow Redditor) original joke, hope he sees it and is pissed. What do you get when you cross a pig and a Christmas tree...? A Porky-Pine"
147,What do you call a frisbee that's more than a friend? Frisbae
148,"What does a sheep say after walking into a disgusting, dirty bar? Ew."
149,What's the best part of a pregnancy joke? The delivery.
150,I lost my virginity to a retarded girl last night. I wanted it to be special
151,What is the biggest compliment you can pay at a gay bar? Pushing in somebody's stool.
152,"What is your best ""Yo mama"" joke?"
153,What's a pirate's favourite type of weaponry? It's ARRRtillery! bonus: A pirate's favourite melee weapon? A scimitARRR
154,"Hey, who did you vote for?... I wrote in Michael J. Fox. I think he can really shake things up!"
155,"I once had a crippiling masturbation addiction... ...now i have a sex addiction, could you say my addiction has gotten out of hand?"
156,Do it tomorrow. You have made enough mistakes for today.
157,Why did the Mexican take his Xanax? For hispanic attacks.
158,*Guy tries giving me his phone number* Me: Oh no thank you. I already have one
159,I'm glad it's the thought that counts because I spend all day thinking about the shit I should be doing.
160,A man balks in a war He is discharged for dereliction of duty and takes up drinking.
161,Instead of calling them flyover states we should call them comments section.
162,A triangle exploded and a piece hit me. It was a 60-debris angle.
163,Yo mama so lazy she thinks a two-income  family is where yo daddy has two jobs.
164,"Does a cow give milk? No, they have to take it from her"
165,Breaking Bad is my favorite documentary about what it takes to be an entrepreneur while balancing family life.
166,My black cat just ate my four leaf clover. That can't be good.......
167,Why can't a bike stand on it's own? Because it is two tired.
168,"What did the gay guy say to his lover when they were going on vacation? ""Hey, can you help me pack my shit?"""
169,"Coworker: Stop Me: collaborate and listen Coworker: Don't Me: you forget about me Coworker: Hey! Me: teacher, leave them kids alone"
170,What's an extroverted accountant? One who looks at your shoes while he's talking to you instead of his  own.
171,Why are hillbilly murders hard to solve Because they all share the same DNA
172,My house is really small until I can't find my phone.
173,"Dear President Obama, I've got a joke for you... I texted it to Angela Merkel. Did you... *get it*?"
174,"Sorry, but breaking up with you on facebook was the best way of letting all your friends know I'm available."
175,I don't understand women. I also don't understand how a car works but I still drive it.
176,What are the 3 stages of sex after marriage? Tri-weekly Try Weekly and Try Weakly
177,How do they calculate global warming? Al-gore-ythms
178,What happens when Turkeys get the common cold? They quit smoking.
179,The hands that help others in need are holier than the lips that pray.
180,What do gays and melons have in common? cantaloupe...
181,My girlfriend is great in bed... But I don't know how my best friend would know that.
182,What do you call a Jedi who worries about not making deadlines? Panickin' Skywalker.
183,Why did the composer go to the chiropractor? Because he had Bach problems
184,[Justice League HQ] SUPERMAN: Looks like Batman is hungry tonight MOTHMAN: [visibly sweating] I think I'll just fight daytime crimes
185,If we attacked Turkey from the rear... ...do you think Greece would help?
186,"A sheep, a drum and a snake fall down a cliff badum tss"
187,My favourite word is snigger It allows me to be sracist without speople sthinking I'm a sbad sperson
188,How do you hide an elephant in a fridge? You remove his slippers and open the door . You put him inside. You close the door and take the slippers away.
189,"Pete and repeat are in a boat Pete and repeat are brothers. Pete falls overboard, who's left?"
190,What do you call a green cow in a field? Invisibull.
191,What did Arnold Schwarzenegger say to the gym manager when he was joining a new gym? I'll re-rack.
192,You're shoes are untied! April fools! Got ya!!
193,"Right now a group of women at a baby shower are simultaneously saying, ""Awwww..."" while some knocked up chick holds up a tiny pair of socks."
194,"Gentlemen test At least most tests have the decency to ask me my name, before they fuck me."
195,What do you call a cheap circumcision? A rip-off.
196,"I went in to hospital for an operation... I asked the anaesthetist if I could administer the needle myself, and he said: ""Sure, knock yourself out""."
197,A piece of shit walks into a bar It's my dad... My dad is a piece of shit.
198,What's a snakes favourite dance ? The mamba !
199,What do you call a cheap circumcision? A rip-off!
200,What is the last thing that tickle-me elmo gets before he leaves the factory? Two test tickles
201,What do you get when you cross a sheep stealer with royalty? Mutton Looter King
202,"An Indian redditor gets an arranged marriage. He turns to his partner and says: ""Thanks for the gold, kind stranger!"""
203,What do you tell a woman with two black eyes? ..........Nothing you've already told her twice!
204,"I'd kill for a microwave that plays Europe's ""The Final Countdown"" during the last 30 seconds."
205,Did you hear about the skeleton who didn't go to prom? He had no body to go with.
206,What do you call it when a jugaloo sleeps with his girlfriend after a fight? Make up sex.
207,How does a baboon make phone calls? He just monkeys around on the line!
208,"Kids are like farts. You don't mind your own, but others peoples are just unbearable"
209,"Over the past year, my sexual fetishes have been slowly getting more perverse. But it wasn't until I spanked a statue that I realised I'd hit rock bottom."
210,"I milked the cow ""We don't have a cow"" the neighbors' cow then ""Their cat?"" Pretty sure it was a cow he was saying moo ""Meow"" Ah shoot"
211,"Dear Shirtless Guy in his Profile Pic, You REALLY want to impress girls? Get a job & pose in front of your cubicle."
212,The IRA have been fighting for Irish reunification since the 70s. . . All they needed to do was vote for the Conservatives.
213,"How many Reddit admins does it take to change a lightbulb? None, they like to keep the mods in the dark."
214,Why is Chapstick so popular? Cause it's the balm baby!
215,What is the best advice to give a worm?  Sleep late.
216,If I was antisocial I wouldn't have just ordered a pizza over the phone.
217,What's a sluts favourite drink? 7 Up in Cider
218,Facebook buys Instagram for one billion?!? Idiots!! They could have downloaded it from the app store for .99 cents..
219,"I may not be getting laid tonight, but I'm definitely banging my snooze button in the morning."
220,I want to make a series about the murder of an airline crew but I still have to shoot the pilot.
221,"My friend always wanted to work in animation, but never got past the interview He just couldn't understand the difference between a professional ""colorist"" and a professional ""racist"""
222,"[sees a zebra for the first time] What's up with that horse? [sees a giraffe for the first time] Okay, what the hell is going on today?"
223,"so as I went in to vote this morning, an old lady told me to make sure I voted for the candidate that could make change. Boy, is my bank teller going to be surprised!"
224,You're so fat and unfunny... that the only punchlines you have are stained on your shirt.
225,A kiss will make her day But anal will make her hole weak
226,Glue is weird it's all like hey I want to stick these pieces of paper together wait I have an idea hand me that dead horse
227,Why are women and children evacuated first in a disaster? So we can think about a solution in silence
228,"Waiting for the day when a girl finally says that I'm ""the one,"" but isn't talking to a police officer."
229,Some people say Glenn Frey got pneumonia from the cold... But that can't be true because he said the Heat is On.
230,"A duck walks up to a prostitute.... And says, ""put it on my bill"""
231,What is the best part about having sex with 23 year olds? There's 20 of them. (Works better in person)
232,My love for you is like a fart. Everything about it is powered by my heart.
233,"What did the Mexican gang member say when two large houses fell on him during an earthquake? Get off me, homes."
234,"""You're a unit of power Joe."" ""I'm a Watt?"""
235,I once bought an e. e. cummings poem collection.. It was the worst game of Mad Libs ever.
236,"Why is it that the more numbers someone has in their e-mail address, the less I respect them?"
237,What does the mayonnaise say to the refrigerator? Shut the door im dressing
238,My bank account status is more scary than the Conjuring!
239,"If you ever need help learning C++, I can give you some pointers. And you can keep me as a reference."
240,What have you done wrong if the wife keep complaining when you try to watch TV in the living room? You made the chain too long in the kitchen.
241,A good rule of thumb is to never be in Liam Neeson's movie family.
242,"If you pour two beers in one glass, it's just one beer."
243,Why was the baby ant so confused? Because all of his uncles were ants!
244,Don't buy whitening toothpaste It says guaranteed whiteness in 14 days. 15 days have come and gone... and I am still asian.
245,"After the Thanksgiving dinner, everyone says (-1)/8"
246,"Simba - ""welcome to... The bone zone"" Nala - ""the what?"" Simba - ""elephant graveyard. I said elephant graveyard"""
247,How are doctors so well tempered even under heavy stress? They have a lot of patients
248,"I wonder if dog's had facebook, would they put our picture as their profile picture."
249,"Why are Native Americans the most successfull strippers? Because when they dance, they make it rain."
250,"My ex-girlfriend was a slut. She bust more nuts than a pistachio junkie. edit: Going through a potential breakup, so if you see this, this isnt about you, babe. Dont leave me, please."
251,Why Did the Ebola Patient Cross the Road? Trick question. There are no roads in Africa.
252,"ME: Haha you can tell them any name and they have to say it BARISTA: I have a latte for ""A Person Who Deserves Love""? ME [crying]: Hahaha"
253,Peter Pan escaped the adult world... ...by becoming an alcoholic. He goes by Peter the Panhandler now.
254,How do you find a blind man in a nudist colony? It's not hard
255,My Grandfather had the heart of a lion and a lifetime ban from the zoo.
256,You just know I knew my girlfriend was furious when I blew my load early last night....I could see it in her eyes
257,FOR SALE: Faulty Guitar. No strings attached.
258,"An atheist, a vegan, and a crossfit fanatic walk into a bar... Who talks more?"
259,How is light beer like having sex in a canoe? They're both fucking close to water.
260,How many tickles does it take to make an octopus laugh? Ten-tickles. I'll see myself out.
261,"What do you get when you cross an insomniac, agnostic and a dyslexic? Someone who stays up all night wondering if there is a Dog."
262,What do you call a number that won't sit still? A roamin' numeral. :P
263,Where do drinks go on vacation? Coaster Rica
264,I farted in the Apple store and everyone got pissed at me. Not my fault they don't have Windows.
265,I left Stephen Hawking like 8 voice mail messages before I realised he'd picked up every time.
266,My terrible Joke but I never forget it. A dyslexic man walked into a bra....
267,What type of school did Sherlock Holmes go to? Elementary :)
268,"Believe it or not, my wife and I were actually matched on Tinder. We'd been married for 12 years."
269,"I scream, you scream, we all scream for ice cream. This kid working at Baskin Robbins is pretty scared. Now he's crying in the corner."
270,"So a Trabi owner pulls up to a gas station... ...and says to the attendant: ""Two windscreen wipers for my Trabi please."" The attendant replies: ""That sounds like a good deal!"""
271,"How many police officers does it take to change a light bulb? None, because they'll just beat the room for being black!"
272,Coffee so good it helps a little old lady cross the street.
273,Why did the semen cross the road? Because I put on the wrong pair of socks this morning.
274,What did nazi pilots eat for breakfast? Luftwaffles
275,So a blind man walks into a bar He hurts himself pretty badly.
276,"If you're not one of the first five boys in the yard, you almost never get a milkshake."
277,sometimes i visit websites that have videos of people making love
278,Why aren't Tyler Perry movies for the light-hearted? They're dark comedies.
279,Every woman I've ever been with only saw me the way they wanted to see me... ...in their rearview mirror.
280,How do you tell the circumference of a pecan Pecan pi
281,"How do you figure out which contestant in a Ms. America pageant is a prostitute? Look for the one with the sash that says ""I da ho""."
282,Ethiopian Cuisine... is a bit bland. It tastes like nothing.
283,I love raccoons. Part cat. Part dog. Part rodent. Part bear. Little people hands. What's not to like?
284,[Google search history] Moles How to kill moles How to make homemade bombs Rescue moles from cave-in Dealing with regret Mole stew
285,A guy walks into a bar... Ouch.
286,"Standing in the park, I was wondering why a Frisbee gets larger the closer it gets. And then it hit me."
287,"When in doubt, just do the opposite of whatever the person wearing pajamas in public is doing."
288,[Ouija board] Spirits are you there? U R C U T E D O Y O U H A V E K I K *flips board*
289,Not being able to read because your book ran out of batteries is a pretty hilarious first-world problem.
290,My internet connection on my farm was be terrible until I moved the router in the horse barn. Now I have stable WiFi.
291,Putting captions in the wrong place You know what I hate the most...?
292,What does a sheep call a film it doesn't like? a baaahhhd movie. (   )
293,An irishman walks out of a bar...
294,Brexit There is a new slimming product in town. It is called Brexit. It'll help you lose a lot of pounds.
295,"Orange Julius is the third best thing to happen to oranges behind mimosas and the ""orange you glad I didn't say banana"" knock knock joke"
296,What is a bear's favourite drink ?  Koka-Koala !
297,Why do golfers wear 2 pairs of pants? Incase he gets a hole in one
298,How do you stop a baby from crawling in circles? Nail its other hand to the floor.
299,What is the favorite food joint of dubstep makers? Sub-WUB-WUB-WUB-way
300,"Two fish are in a tank... One is driving, and the other is manning the guns."
301,Steve wrote home. 'I'm glad you named me  Steve' he said in the letter. 'Why?' asked his mother in her reply. 'Because that's what all the kids at camp call me' he wrote  back.
302,Do hamburgers make good vampires? No because they always find themselves in ghoulash situations!
303,"Whilst at college I did experiment with marijuana. I did it in snow, I did it in sleet, but I did not in hail. ^-- ^Ed ^Byrne"
304,I paid 10.50 for a movie ticket to watch Tom Cruise die continuously for 2 hours. I would have paid a hundred dollars to watch that.
305,"A Spanish magician announced that for his final trick, he would vanish into thin air. He counted down: uno, dos, then POOF! He was gone, without a tres."
306,Is that mine? I was walking down the street when I saw black guy with a laptop. Is that mine? I thought. It looks exactly like mine... but that can't be... Mine should be at home cleaning my shoes.
307,A Bug's Mind What's the last thing that goes through a bug's mind when he crashes into a windshield? His asshole.
308,"My mom recently bought a Jesus shaped flashlight When I asked her why she said: So whenever someone says ""I can't see"" I can be like ""here, let Jesus light the path"""
309,"Why is my Chinese girlfriend so bitchy? Well it's true, you are what you eat."
310,They just found a Black guy hanging from a tree with 79 stab wounds in Alabama.... The police say it's the worst case of suicide they've ever seen
311,Q: How many Kings of Spain does it take to screw in a light bulb? A: Juan
312,Don't you just hate it when people answer their own questions? I do.
313,The hotel we stayed in for our holiday offered bed and board but it was impossible to say which was the bed and which was the board.
314,"My new cooking show, ""Will Sasso Cooks With His Exposed Dick Really Close to the Food"" premieres tonight (8/7 Central) in my mind. Be there!"
315,*nose hairs growing out of control *buys tiny scissors *jam them in the eyes of whoever I catch staring at my nose hairs
316,"I'm trying to write a poem for my girlfriend, does anyone know what rhymes with threesome?"
317,"Pro tip: If a woman asks you how she looks, the correct answer is not ""like Dan Aykroyd."""
318,"I complained to my wife that I was short staffed at work She responded ""yeah, and you have the same problem at home"""
319,I overheard two female coworkers say there was a creepy dude listening to their conversation.
320,What do you call kangarooo jump and play hocky? the fam copter
321,What is the internal temperature of a tauntaun? Luke warm
322,What's black and white and red all over and can't get through a revolving door? A nun with a spear through her head.
323,What idiot called her a Hot Indian Girl and not a Bomb Bae
324,Ignorance is not bliss. It's just a fancy word for stupid.
325,"What did the Marine Biologist say when he saw two eels making love? ""It's a Moray."""
326,"I submitted 10 of my best puns to a Joke competition expecting at least 1 to win, but... No pun in ten did.."
327,Shoutout to people who don't know what the opposite of in is. I'll give you some time for this one.
328,Did you guys know that water can talk? Water you talking about?
329,ME: all the King's horses and men couldn't put u back together HUMPTY DUMPTY: what now M: [opening package of bacon] I'll think of something
330,How many Alzheimer's patients does it take to screw on a light bulb? TO GET TO THE OTHER SIDE!
331,If chopsticks were really better than a fork... ...wouldn't we be digging ditches with pool cues?
332,"First woman on the moon W: Houston, we have a problem H: What is it? W: Nevermind its nothing H: What is the problem? W: Nothing... H: Tell us what the problem is! W: NO!"
333,"Thank god I have the newest, fastest iPhone so I can mindlessly check the same three apps 500 times a day."
334,Jared Fogle was guilty and got 16 years He was just grateful for anything under 18. Credit to SNL that joke might have converted me to watch.
335,What's an STD's favorite kind of pizza? Heperoni
336,This hating of people who breast feed in public places has to stop! I'll raise my dog however I like.
337,A woman's JJ sized breasts saved her life in a car accident. Those same breasts were the cause of her husbands death in a motorboating accident.
338,Recent studies show that 1 out of 3 Americans weigh as much as the other 2 put together.
339,"[date gets back from the bathroom] those batman toys in the tub are so cute! How old are your kids? ""kids?"""
340,"I just Googled 'Nicolas Cage jokes' and it showed me a list of every film he's been in. Well played, Google."
341,"I've been listening to the official workout station on Pandora for 3 months and I'm still fat, I'm calling bullshit."
342,I was going to break up a fight between two Rabbis... But they were just arguing semitics.
343,"Pavlov's doorbell One tuesday afternoon Ivan Pavlov is reading the paper, when his neighbour rings the doorbell. Ivan jumps up out of his chair, suddenly remembering: ""Shit, I need to feed the dogs!"""
344,What did one tampon say to the other tampon? Nothing they were both stuck up cunts.
345,HER: You look so nervous. ME: *nervously* HA. I'm never nervous. HER: You're sweating. ME: *just freaking out* That's bravery moisture.
346,"When I was 8 years old, my dad got me with the worst dad joke ever. He said he was going to the store and would be back soon..."
347,Do you hate yourself? Do you wish someone would trip you down stairs? Do you enjoy lacerations & and surprise vomit piles? *hands you a cat*
348,"I found where my mom hid the scissors, so everyone in my house woke up with a new haircut this morning."
349,What do you call the retarded guy that follows the band around? The Drummer
350,What is the best thing about twenty six year olds? There are twenty of them
351,"Why was there semen on the clean laundry? When Greg woke up, his mom had left a note reading, ""Please put a load in the washer"""
352,What did the Mexican say when I pushed him on the lawn? Grassy Ass!
353,I once was bored so I decided to eat a clock to *pass the time*. It was very *time consuming*. Yuk yuk yuk yuk yuk
354,What do you call a grammatically incorrect horse? An horse.
355,"Have you ever seen those ""Give a penny, take a penny"" things at convenience stores??? that makes no cents"
356,Me: .... Dog: ... Me: .... Dog: ... Me: ... Dog: ... Me: .... Dog: ... Me: ... Dog: ... Me: ... Dog: have the shrooms kicked-in yet? Me: ..
357,I bet if I were a MAN Apple wouldn't tell me my password ideas are weak.
358,"if people really didn't want to hear smartass responses they wouldn't keep asking questions like ""do you know why i pulled you over?"""
359,I have this fun drinking game where you take a drink every time you'd like one because you're an adult and you can make decisions yourself.
360,"I'm sorry, Black Lives Matter is actually a peaceful and forward thinking movement that our society needs... Now if you could all stop sending me death threats on twitter that would be great."
361,"My girlfriend left me after I broke her wheelchair..... Oh,, I think she'll come crawling back soon.."
362,"Someone should invent a version of Twitter for people who spell things like rappers. They could call it ""twita"". Dat would b nize"
363,"NSFW Men are like a deck of cards... You need a heart to love him, a diamond to marry him, a club to smash his fucking face in and a spade to bury the bastard!"
364,The Grapes of Wrath 2: The Raisins of Revenge
365,"Yes, life is meaningless, but some of the food is decent."
366,"""You know what."" -- They."
367,I don't like drive-thru's I think it's money out the window.
368,What do you call a Chinese conga line? A Chu Chu train
369,Why was pregnant Cinderella late to the ball? Miscarriage
370,THE HORROR! *splat THE TRAGEDY! *splat IT'S AWFUL! *splat SO MUCH BLOOD! *splat WHY IS THIS HAPPENING?! *splat -It's raining men.
371,What the quickest way to a mans heart? Though his chest with a knife
372,*watching Dateline* wow this is the worst dating show ever
373,Where do you find an enlightened mosquito? In Bhuddapest
374,"Guy comes home with a flower bouquet... ""Guess I'll have to spread my legs now"", says the wife. ""Why? Don't you have a vase?"" the husband replies."
375,"Two rabbits were being chased by a pack of wild dogs... One says to the other ""should we stop and outnumber them?"" ... &amp;nbsp; ""keep running you fool we're brothers!!"""
376,I just got a new job at a gay magazine. I'm a poofreader.
377,No one is more unnecessarily confident than a white person that just ordered Mexican food in a Spanish accent.
378,If these walls could talk I'd fuckin' move out immediately.
379,What do you call it when two designers argue about what file type to export a graphic to? Getting into a bit of a .tiff!
380,"A doctor reaches into his pocket and finds his rectal thermometer He says ""Shit, some asshole took my pen!"""
381,how many people does it take to save the world? zero (compliments to my SO who thinks she made this up)
382,How do skeletons reproduce? They bone.
383,Finally got around to shaving my crotch after a few years. Its nice to see my knees again.
384,I'm ready for the cop-buddy film where they actually get along in the beginning but hate each other by the end.
385,How many people does it take to change a light bulb in Brazil? A Brazillion!!! http://imgur.com/c4CJjUd
386,How do you make an Amish woman happy? Three Men-A-Night
387,Letsh Have Shex! -Horny Sean Connery
388,"If two people had a race and one had sand in his shoe but the other did not, who would win? The one with sand in his shoe -- if it was quicksand."
389,I know dream catchers don't work because I've never seen one in a car worth more than two thousand dollars.
390,Thankful that Five-Fingered Shoes company doesn't make pants.
391,When is a pedofiles favorite part of a hockey game? Before first period
392,What do you call a vegetable who has escaped prison? An escapea
393,"At my last checkup the doctor said he needed a urine sample, a semen sample and a stool sample ... ... I said "" Doc, I can speed this along - I'll just leave you my underwear !"""
394,[pulls out acoustic guitar at a funeral] alright everyone stop being all [finger quotes] sad this next 1 is dedicated to a very sexy widow.
395,"If you do not say it, they can't repeat it."
396,"Life is like art done in chalk, beautiful but temporary, enjoy it while possible."
397,"If there are three gay guys in a bath and a lump of cum floats to the surface, what do they say? Who farted?"
398,Why the gills in the sea don't drink tea even though there is plenty of water That will make them all guill tea!
399,Taking calculus has made me want to become Prime Minister of a European country Then I can just throw money at problems instead of trying to integrate them.
400,My friend used my todo list to roll a blunt He's high on my list of priorities
401,"From now on when skinny girls say they're fat I'm just gonna be like, ""Yup"" & walk away."
402,What did the homeless person say to the gay job interviewer when asked for his address? No home-o.
403,How many people with dementia does it take to change a lightbulb? To get to the other side.
404,What type of fruit is not allowed to get married? Cantaloupe...
405,I like my women like I like my coffee... I don't fucking like coffee.
406,butts are truly the final frontier. to think we know more about SPACE than we do about the human butt. two fleshy mounds of mystery & wonder
407,I find like geologers make really good friends... ...they are very down to Earth.
408,"I keep getting the urge to purchase a big white bear from the artic... ...Doc says I might have ""Buy Polar"" disorder! EDIT: arctic*"
409,Heading to Chinatown after work... I heard it's Erection Day.
410,How do you get a gay man to fuck a woman? Shit in her cunt.
411,I want to start a coffee shop that only plays ambient/electronic music... and call it Brian Beano.
412,I like my girlfriend's new glow-in-the-dark braces... ...her smile really lights up the room now.
413,This bank pen tastes like it's been in a lot of other people's mouths
414,Redditors don't like this [Deleted]
415,"Mom writes to her son in Poland's army: ""Dear Son, I am writing this letter ever so slowly..... ....because I know you cannot read fast"""
416,Did you hear about the calendar thief? He got 12 months; they say his days are numbered!
417,The best thing about adolescent humor... is that it never gets old!
418,I hate how the losers of every election maintain such a high view of themselves... They're conceded
419,"I didn't see mommy kiss Santa, but my sister saw her kiss the mailman, which explains why I'm the only one with brown eyes in the family"
420,Why did the vampire attack the clown? He wanted the circus to be in his blood.
421,"""It's 5 o'clock somewhere."" - a shitty watch."
422,How do I know when your sister's on her period..... Your dad's dick taste like blood
423,What do you call going Doctor to Doctor... What do you call going Doctor to Doctor to figure out what your inflammatory bowel disease is called? A Game of Crohn's.
424,What's the difference between a pizza and a black man? The pizza can feed a family of 4.
425,"Knock knock. Who's there? Benjamin. Benjamin Who? Yes, Benjamin Netanya Who."
426,"If you hear the words ""oh yeah, suck it"" coming from my bedroom, it's probably just me vacuuming."
427,"A photon walks into a hotel The bell boy walks up and asks, ""Do you have any luggage?"". ""No,"" says the photon, ""I'm traveling light."""
428,If your'e anxious and you know it..... ...clasp your hands.
429,its macaroni and cheese not macaroni and steve
430,"People always complain that I'm ""out there."" [On the phone. To the cops. While I'm sitting in their birdbath.]"
431,*job interview* Why do you want to be a psychiatrist? *pictures clients acting like chickens after I click my fingers* I want to help people
432,Here's two short jokes and a long joke: joke. joke. joooooooke.
433,"""911, what's your emergency?"" Me: A cute guy at the laundromat walked past me while I was folding my period underwear."
434,What do you call a relaxed redneck? A chillbilly.
435,Dog's Facebook status: Tried to save the master from the vacuum cleaner today... He just yelled at me.
436,Ever since the news came out about Samsung.... Their phones have been blowing up.
437,Osama Bn Laden Jokes in the title.
438,"What is the term for a group of Canadians? Is it ""an apology""? ""Oh look, there goes an apology of Canadians"""
439,"Trump wants to appoint Ben Carson to the Department of Education, but I think he would do better in the FDA He can feed everyone with all of the grain in those pyramids."
440,"Putting a woman on a $10 makes sense . . . . . . no one really wants a 1 or a 5. (As heard on Wait, Wait, Don't Tell Me)"
441,"I always check my smoke alarms to make sure they're working. I call it ""cooking"""
442,"[wife looking at pictures of my dead body with police] ""why isn't he wearing a shirt"" we believe he removed it when he challenged the coyote"
443,Put the punchline in the title. How do you piss off a redditor?
444,I just found out I am a hipster Because I started using #NotMyPresident 8 years ago.
445,What's the difference between a computer and a woman? A computer only has to have information punched into it once.
446,I just released my mixtape in Tianjin. It was da bomb. Too soon?
447,"How to meet a girl: 1) Walk into a bar. 2) Shout ""Heroes in a half shell."" 3) When a girl yells back ""Turtle Power,"" marry her."
448,What's the sharpest thing in the word? A fart. It goes right through your pants and doesn't leave a hole.
449,"*calls into work* ""yo boss i'm real sick"" ""you don't sound sick..."" ""ya, just got a new tribal tat & heelys"" ""wow u do sound hella sick"""
450,I'm not saying that girl's a slut... But she has touched more wieners than Heinz ketchup.
451,A Kiss can make my whole day... But anal could make my hole weak
452,The best joke you'll never hear
453,how are a silver medalist and a priest alike They both came in a little behind
454,I wonder if a ghost has ever watched me masturbate.
455,S is my favorite letter because it changes biscuit to biscuits.
456,Saw a homeless guy babbling about conspiracy theories that doesn't really make sense... You could say it was a vague rant.
457,"Blessed are those who are cracked, for they are the ones who let in the light!"
458,Remember before Amazon reviews when you could just buy a toothbrush without 6 hours of research?
459,Don't judge me because I like 80's music. Judge me because I had a late term abortion because a baby would ruin my holiday plans.
460,When someone uses the bathroom and asks about the wine cork floating in the toilet is why I don't invite people to my house.
461,What's a con-artists favorite holiday? Scamentine's Day.
462,"An infectious disease enters a bar... the bartender says,""we dont serve your kind here"". The disease replies, ""well you're not a very good host!"""
463,If four out of five people suffer from radiation poisoning... Does that mean the fifth one enjoys it?
464,Having the option to erase and re-record after having to leave a voicemail is one of my favorite things about life.
465,My neighbours are loud and obnoxious. Now I know how Canada feels.
466,Stealing mosquito repellent... Jacking Off!
467,"What do you call a small, noisy dog? A subwoofer."
468,September is Alzheimer's Awareness month... remind me tomorrow.
469,"Well it's like my dad always told me ""When life gives ya lemons"" Chances are you're in the fruit aisle."
470,What English King invented the fireplace ? Alfred the grate !
471,I just saw the Assassins Creed Movie Trailer... I did not expect The Spanish Inquisition.
472,Why do Canadians do it doggy style? So they can both watch the hockey game.
473,"Dad and son A son asks his father ""Why does my bum hurt"" while the father replies ""Because I love you son"""
474,Why does little sally have a limp? SHE WENT TO JARED!
475,A programmer began to cuss Because getting to sleep was a fuss. When laying in her bed Looping round in her head Was: while (!asleep()): sheep++;
476,"""Oh you just put lotion on? You're not going anywhere."" - Doorknob"
477,I see you've got your bill for using the Internet Yes and my dad's really going to get the hump!
478,When do you kick a midget in the balls? When he's standing next to your girlfriend saying her hair smells nice
479,Islam is a race. Because it's inbreeds fucking each other.
480,Why don't you want your nose to be 12 inches long? because then it would be a foot!
481,Political Joke The Economy
482,"Keep in mind that ""The Cat in the Hat"" is a lesson to your kids on how to throw a house party when you're gone..."
483,What's a lumberjack's favorite director? TimBuuurrrrrrrton
484,Why do midgets laugh when they run? Because the grass tickles their balls
485,"When someone tells you to ""get a Life,"" just take theirs. They'll be happy you took their advice, and you'll be happy they're dead."
486,"Day One, living in one of those tiny houses: ""Well, isn't this quaint?"" Day Two: Murder"
487,"How to get a job... Interviewer: ""What's your biggest weakness?"" Interviewee: ""I never learn from my mistakes"" Interviewer: ""Oh, why's that?"" Interviewee: ""I never make any"""
488,"I showed my son a floppy disk today... ...he said: 'oh cool, you 3D-printed a save icon'"
489,What do golfers do on nights out? **par**ty.
490,"How does an Australian clean is bum? Bidet, mate."
491,I feel quite light today. Pounds aren't what they used to be.
492,"""Beat up anybody you see drinking 7UP"" -first rule of Sprite Club"
493,Never attribute to malice what can be adequately explained by stupidity.
494,"Yo mama... Yo mama is so poor, she can't even pay attention"
495,Difference between priest and acne? What is the difference between a Catholic priest and acne? Acne waits until puberty to come on a kid's face.
496,"Them: If you were stranded on a desert island with any two people, living or dead, who would they be? Me: Can they both be dead?"
497,T Rex isnt so scary if you imagine a bunch of baby T Rexes watching Barney just giggling and rolling around on the ground playing with keys.
498,Since Michael Jackson's death hundreds of children have gathered at the gates of Neverland. Police have said that they will let them out once they find a locksmith. - http://ww.key-n-lock.com
499,Did you hear about the constipated dyslexic? He had trouble moving his elbows.
500,Why are mountains so funny? Because they are hill-areas
501,Why do gay men always have candles near their asses? So the gerbils can find their way out.
502,"[At the coroners' to identify a body] Me: ""Yep. That's a body all right."""
503,What do Jesus and your mom have in common? They both got nailed all night.
504,"How does J.G. Wentworth tell you that he's hungry? ""It's my tummy, and I feed it NOW!"""
505,I can see you're upset. Maybe you should post more about it on Facebook. That should eliminate any more drama.
506,"Dear lord, I thank you for these noodles I am about to eat. Ramen."
507,I have a pen..... I have a apple :D
508,"I want a girlfriend with OCD, that way whenever I want to go home I can just say ""Are you sure you checked the stove before we left?"""
509,Nothing good has ever gone into a microwave at 3:00am.
510,woke up just in time to push my cat off the bed before he threw up. today is going to be magical.
511,Just stirred my coffee with a fork if any of you guys are looking for a new bad boy to join your crew.
512,I was licking this girl all over her face right up until she explained to me what doggy style was.
513,What's the name of the best brewer in the world? Bock Goodale
514,If your tweet gets stolen and posted on Facebook... It's your own fault for not making it offensive enough!
515,To all the girls that say Gentlemen don't exist anymore: They do exist but Gentlemen are attracted to Ladies. Not s?uts.  Sorry.
516,Did you hear about the idiot who invented the one-piece jigsaw puzzle?
517,"""Sugar"" is the only word in the English language where ""su-"" makes a ""sh"" sound. At least, I'm pretty sure..."
518,A horse walks into the bar Several people left because they realised the possible dangers of that situation.
519,I've decided to make an all-natural shampoo made from roots found in Africa. I'll call it Ethnic Cleansing.
520,What's the integral of 1/(cabin)? 1 natural log cabin. I'll show myself out.
521,What's the only thing an Irish person can hold on to? A grudge.
522,"A Midget Walked Past Me On The Sidewalk Today Wearing A Shirt That Said ""I Hate Black People"" ...I thought to myself ""Well damn- thats a little racist."
523,Nsfw Whats the difference between a Catholic priest and a zit? The zit waits untill you're 12 to come onto your face.
524,True: If you don't eat a whole basket of tortilla chips before your entree arrives in a Mexican restaurant it means you don't love your mom.
525,What do you get if you cross Bossy with a vampire?  Dracowla!
526,"A clown at the circus got tomato thrown at him from the audience, he turns and says HAY, THATS NOT FUNNY"
527,Doctors have confirmed that masturbation is life threatening Many men have died after having a stroke
528,"The Presidential Debate We don't know if Hillary is telling the truth, and we're hoping Trump isn't"
529,What does a sheep in denial say? Nahhhh
530,Q. How did the blonde die  ice-fishing? A. She was run over by the zambonis machine.
531,I really like those Black and White movies where no one speaks Inter racial porn.
532,hey girl are you my ceiling fan because i'm pretty hot but also too lazy to get up and turn you on
533,Alien 1: What are the Humans doing? Alien 2: Celebrating the existence of their mothers. Alien 1: I ate my mother. Alien 2: As did I.
534,"Remove all the poles if you don't want me stripping, Mr. Bus Driver."
535,What Did the Upvote whore say to the Redditor? I'll suck yo dick for a Upvote
536,Wiping your ass is a lot like a traffic light Red means stop.
537,I'm never more ruthless than when deciding who to wish a happy birthday to on Facebook and who to ignore.
538,"""I'll be a dentist. Then they'll love me."" ""We're terrified of dentists."" ""I'll kill a lion!"" ""It was a beloved lion with a name."" ""Dammit."""
539,Just because I'm Irish doesn't mean I am always drunk. It means I always want to be.
540,Just once I'd like to wake up as eager to start the day as my p*nis is.
541,My friend asked me... My friend asked me if there was a colored printer in the library I said wtf man it's 2016 you can use whatever printer you want
542,Subway's Jared got famous for fitting into smaller pants... ...now he is known for hoping to get into really small pants.
543,"Kissing a sleeping woman in an animated Disney movie, romantic.....but do it on a bus and the judge doesn't agree."
544,Why do melons always have big weddings? Because they can't elope.
545,What did Asian Jesus say before he was crucified? (OC) YORO (You only resurrect once)
546,What is the preferred coffee drink of people with alzheimer's? The Iforgotto
547,"You can consider yourself lucky in life, if the cognac you drink is older than the woman that you're sleeping with."
548,What's the difference between a dirty bus stop and a voluptuous lobster? One's a crusty bus station and the other's a busty crustacean. :D edit: funnier when said aloud
549,I just got a job helping a one arm typist do capital letters... Its shift work.
550,I decided today that I want to have kids I hope they taste good
551,What do you call a group of chickens dressed up like crows? A murder most fowl. (I'll see myself out...)
552,Which nut could pimp the Prince of Darkness? Mack-a-Dameon.
553,Italians and Spaniards are so used to Catholic child abuse... ... That they call the Pope daddy
554,If you find yourself in a hole. Stop digging.
555,Tom got a backache from working as a seer. He's got the hunch.
556,How many software engineers does it take to change a light bulb? None. It's a hardware problem.
557,I love how fresh & clean my bathroom smells after I've killed a spider with a full bottle of windex
558,Guest: Why did you offer me a piece of candy? Hotel Clerk: You said you wanted the best suite in the hotel.
559,"Daughter: Daddy, why do I have to go to bed so early? Me: Because we have had enough of you for today"
560,"Everyone in my class is arguing about science, And I'm just sitting here, maths debating."
561,"A policeman sees two boys, one with batteries, the other with fireworks He charges the first boy and lets the other off."
562,The best way of saving money is to forget who  you borrowed it from.
563,I like my chicken how I like my babies Deep fried and delicious
564,I bet a heroin addict could find a needle in a haystack.
565,what did cinderella do when she got to the ball? gag...
566,"I got in trouble for calling the rape hotline... Apparently it's only for ""victims""."
567,"My daughter asked me how much longer until she can be a grown up and I said, ""no."""
568,I saw a sausage fly by my window I must be going insane it was actually a bird. I think I've taken a Tern for the Wurst
569,"If Kevin Bacon never said ""want some bacon with your eggs"" to a lonely chick in a bar, life just doesn't make sense anymore."
570,"""Hey, wanna hangout?"" ""Later."" ""Now?"" ""No, later"" ""How about now?"" ""Jesus christ."" -if Adobe Updater was your friend"
571,"Follow your dreams. Unless you're a narcoleptic who wants to be a limo driver. That's dangerous, dude."
572,What was Hitler's last two words? Oy Vey!
573,Republicans help the poor during the holidays by sending 50 one buck at a time to panhandlers on the  street.
574,"I can't tell if Michael Cera is actually an actor, or just an awkward guy who keeps wandering onto film sets and does his best to fit in."
575,"I had a blind date once, her name was ..::..::.:::::...:::::"
576,How do you make Helen Keller cry? Turn the stool upside-down
577,Learning to love yourself is important. Just don't let your wife catch you doing it.
578,My life That's the joke.
579,"Sometimes the smartest thing you can do, is play stupid."
580,Me: My weight is up. I really hate winter. Him: Don't be discouraged. You'll bounce back in spring once you shave your legs.
581,"Me texting friend: Hey! What's up? Buddy: *sends picture of ceiling* Me: I am so glad I didn't ask ""how's it hanging"""
582,I cheated a guy in poker so he burnt down my house. I guess you could say it was a conflagration
583,"Two blonds are having a conversation. Two blonds are having a conversation when one says to the other ""I had sex with a brazilian last night"" The other blond replies ""WOW that's a lot of men"""
584,Did u hear about the leper poker game? everyone threw their hands in
585,"'I want to see other kids.' ~Me, parenting."
586,The nintendo 64 turned 18 last month Which means you can now legally blow the cartridges
587,They have arrived - Hia Dei Kum
588,Son: Are you eating pie for breakfast? Me (eating pie): No. Fruit casserole. Want some? Son: NO. I hate casserole. Me (whispers): I know...
589,"Before I lose my phone, end up naked, high, drunk and/or possibly arrested, I would like to wish you all a Happy Friday."
590,"My friend's a scientist and accidentally chilled his lab rat to absolute zero... At first the rat was just frozen, but he's 0K now."
591,What do you call a masturbating cow? Beef stroganoff.
592,"""Some say I have a drinking problem"" *pours glass of water on lap*"
593,"Fun typo: ""You ate the most important thing in my life."""
594,"A mushroom walks into a bar The bartender says: ""Get out of here! We don't serve your kind here."" The mushroom says: ""Why not man? I really am a FunGi."""
595,I voted for Jill Stein Finally I'm part of the 1%
596,Anyone got a 10 year old daughter I could introduce as mine? Stuck in an elaborate lie after putting my music on shuffle at a party.
597,What did the hamburger say when it pleaded 'not guilty'? I've been flamed!
598,Starbucks really isn't that expensive when compared to what Victoria's Secret charges per cup
599,What do you call little kids in Belgium? Brusselsprouts
600,They say love is worth more than money. But I'm pretty sure my landlord is gona want more than a hug.
601,I heard that Being the one to circumcise elephants doesn't pay too well But the tips are huge!!
602,Why does BuzzFeed skip every other number when counting? They literally can't even.
603,A Frenchman walks into a library and asks for a book on warfare. The librarian tells him he'll only lose it.
604,I held up a fist for a CW to bump and she kissed my ring. I am now drunk on power and no one is allowed to make eye contact.
605,"you knew the backstreet boys were actually friends because when the one boy asks if hes ""sexual"" the rest of the boys all agree that he is"
606,What's the difference between coriander and cumin? You can't coriander your pants.
607,"Sex makes your day, but anal makes you hole weak.."
608,"A sadist and a masochist meet The masochist starts pleading, ""Hit me! Please hit me!"" The sadist looks at him, smiles, and calmly replies, ""No."""
609,Got disoriented and walked into the wrong classroom. Didn't want to look stupid so I just went ahead and switched majors.
610,"Libertarian Presidential Candidate's new Campaign, inspired by Bernie Sanders. ""Feel the Johnson"""
611,"My wife urged me to be more experimental in the bedroom, but I guess she wasn't expecting I'd be dissecting so many white mice."
612,What did Spock find in the Enterprise Bathroom? The Captain's Log.
613,PSA: If you've got an Islamic dog... Muslim
614,How do you spot the blind man at the nudist beach? It's not hard
615,What did Jay say when Adnan opened the trunk? Hae girl Hae
616,ME: Is this Babies R Us CASHIER: Yes ME: No babies work here C: I know ME: It should be called Babies Were US C: ... ME: Get me your manager
617,"A girl grabbed my cock and said, ""Wow! Your dick wouldn't make a very good clock."" ""Why?"" I asked, intrigued. ""Because I'd struggle to get a second hand on it,"" she replied."
618,Broken pencils... ...are pointless.
619,"A man goes to the vet about his dog's fleas. The vet says: 'I'm sorry, I'll have to put this dog down.' The man is incredulous and asks why. The vet says: 'Because he's far too heavy.'"
620,"listen, officer - t h e o r e t i c a l l y - would I still get a carpool lane ticket if I have a body in the trunk"
621,An apple a day keeps my fruit-picking business trapped in bankruptcy.
622,What's a dinosaur's least favorite reindeer? Comet! =D
623,Why do seagulls live by the sea? If they lived by the bay they'd be bagels.
624,"When I lived on a houseboat I was seeing the girl next door, but eventually we drifted apart."
625,Donald Trump Does this count as putting the punchline in the title?
626,"My grandma got her bathroom redone with this sparkly gold-specked tile and she just called it her ""golden shower"" so goodnight."
627,What happens when frogs park illegally? They get toad.
628,"Shout out to my self-aware friends, you know who you are"
629,Why does it take pirates so long to learn the alphabet? Because they could spend years at C.
630,"There's a 100% chance the Republicans will discuss Starbucks cups in a debate tonight, so remember that when they ask how they lost in 2016."
631,"A man purchases a kitten, which he's having trouble house breaking. What does his friend say when he comes to visit? Your house is quite the cat-ass-trophy."
632,What do mutiny and an orgasm have in common? A sudden surge of seamen.
633,Why are normal human body temperatures around 98.7*F? Because we're all a little obtuse.
634,Communism jokes are not funny Unless everyone gets them
635,There are two types of people in life... Those who think there are two types of people in life and the rest.
636,"Dear Religion, Pics or it didn't happen. Love, Science"
637,My best friend and I were comparing our penises... for who has the biggest. It ended in a tie.
638,"If Trump wins, I'm leaving the country, if Clinton wins I'm leaving the country Not a political post, I just love to travel"
639,Why did the Storm Trooper decide to buy an Iphone? Because he couldn't find the Droid he was looking for.
640,What is the difference between a drug dealer and a hooker? A hooker can wash her crack and sell it again.
641,What's the hardest part about vaping? Telling your parents you're gay
642,"When I say I'm gonna take a nap, it means I'm gonna go on my computer for three hours."
643,Ropin' and Ranchin' by Larry Yett
644,My brother told me this today. Malayasia flight 404 not found.
645,I get turned on whenever I eat greek dips... ...I think I'm a hummusexual.
646,What is Moby Dicks dad's name? Poppa Boner
647,I love watching two girls meet each other. It's easily the most fake thing I have ever seen.
648,Pokemon Go has really improved my life... I used to always get in trouble for playing with my balls outside.
649,I showed up at Disney headquarters uninvited I said I was there for a Rogue One cameo That's how I learned the security guards have Tasers
650,I like my women like I like my coffee... [Fill in the blank]
651,Who does the Metric Cult worship? ...Demetre.
652,Why did the Canadian cross the road? Because that's the direction his car was sliding.
653,What do you do when you find Michael J. Fox in your hot tub? .....Add your laundry.
654,Describe yourself in one word Bad at describing myself with one word.
655,"Opinions are like Assholes... Everyone has one, and some just taste better than others."
656,"I don't always tell mom jokes But when i do, she laughs"
657,What do black men find most shocking about sex? Tazers
658,"Impotence: Nature's way of saying, ""No hard feelings"""
659,What do you call two gay Irishmen? Michael Fitzpatrick and Patrick Fitzmichael
660,Today I learned two things: 1. Build-A-Bear Workshop only lets you stuff fake animals 2. Mall security guards get to use real handcuffs
661,Why do elephants have 4 feet? Because in the animal kingdom 6 inches just wont do
662,"A blind guy walks into a bar... ...then a table, then a chair, then another chair..."
663,"I bought a muzzle for my pet duck. Nothing flashy, but it fits the bill."
664,There are plenty of fish in the sea. Sometimes you just need a really big fishing rod.
665,"Make sure you don't forget the 'R' when you're Googling, ""movies of Gary Oldman."""
666,"If I had a penny for every Donald Trump joke, I would have a small loan of one million dollars"
667,I like my steak like I like my women. White and domineering.
668,Retweet if you're naughty! Star if you love Jesus! Reply if you'd like to meet him!
669,Prostitutes hate trick-or-treaters.
670,"Woke up this morning with a pillow over my face, hearing someone muttering ""...it would be so easy..."""
671,"When are they going to drug test the audience of ""The Price Is Right.""? No one should be that happy."
672,The definition of spin
673,How to get a Jewish girl's number? Roll up her sleeve...
674,Why doesn't Hitler go ski? Cause he's blown his fucking head.
675,What's the best kind of grass? Emo grass; the grass that cuts itself.
676,Thought I could safely force a fart... But it backfired.
677,Why don't they have a WHITE history month?? Why don't they have NON-handicapped parking spaces? Why's there no cemetery for ALIVE people??
678,"The Lord said unto John, ""Come forth and be awarded eternal life"" John came fifth and was awarded a toaster"
679,Why does Anna's mom encourage her daughter to experiment with sexuality? Because she lives bicuriously through others .
680,Pretty busy at the gym this morning. I'm 6th in line for a selfie.
681,"*at a pizza buffet in the Midwest* Me: excuse me, can you please make a vegetarian pizza? Him: Sure! What kind of meat do you want on that?"
682,"Jokers of Reddit, any good blonde jokes or punch lines out there?"
683,How many portuguese people can fit on a scooter? A Brazilian
684,Now what's on the menu? Me-n-u
685,What is it called when you are on the edge of WiFi signal range? Router Limits!
686,What is Jeb Bush's campaign slogan? Third time's the charm
687,Year 2142: Meat eaters have died out. Vegans survive. 2143: Everyone is dead b/c the vegans couldn't tell anyone else that they were vegan.
688,My new years resolution is to have more sex! I Haven't told my cellmate yet though
689,Why do lawyer's suits never have pants pockets? Because their hands are always in someone else's!
690,Why does Helen Keller wear tight jeans? So people can read her lips.
691,"Go to racist joke, what's yours? Two unemployed Irishmen walk past a police notice board with ""two black men wanted for rape"" first one says ""fucking niggers get all the best jobs"""
692,"If you believe the home alarm commercials, the first thing burglars do when they break into your home is smash your family pictures."
693,What do you call a midget with no teeth A gum job.
694,It's just sad how often I see zookeepers breaking their own 'Dont Feed the Animals' rule.
695,You really have to question the judgment of people who have children on purpose.
696,What's green and smells like bacon? Kermit the frog's finger
697,"Why were there only 49 contestants in the National Ebonics Beauty Pageant? Nobody wanted to wear the sash that says ""Idaho""."
698,What do you call a bald porcupine? Pointless.
699,Scientists remain baffled as to why the people on the internet really like pictures of cats and cats doing things.
700,What do you do with old cannon balls ? Give them to elephants to use as marbles !
701,What did the two tampons have in common? They were both stuck up bitches
702,Why is Saturn like your balls?? Because it is in between jupeter an your anus.
703,"FREE $1,000,000,000 IDEA: a Tumblr-type platform for list-making called Schindlr"
704,My favorite kind of math is adding insult to injury.
705,I like Tuesday simply because it is literally the furthest from next Monday I can possibly be.
706,What's better than two roses on your piano? Tulips on your organ.
707,I tried googling Wiz Khalifa ... But all I found was MIa Khalifa peeing .
708,I am an expert at making balloon animals. May I interest you in a hyphen or a pickle?
709,What happened when the girl dressed as a spoon left the Halloween party ? No one moved. They couldn't stir without her.
710,What's the difference between wild Iranian Ossetra caviar and my penis? One is a delicacy (Deh-Lih-Cuh-See) and the other is a delicady (Deh-Lih-Cuh-Dee) Edit: The D
711,Who are the 3 most famous black women? 1. Oprah 2. Aunt Jamima 3. Motha Fucka
712,How do you disappoint a Redditor? [removed]
713,Why does Darkwing Duck wear a mask? You are a duck. No one could identify you without describing every other duck on earth.
714,"A bird pooped on my head today...Am I gonna die? I mean, I'm kinda worried about getting sick from it but mostly I hope this made someone's day."
715,"What do you call a man with no arms and no legs, lying in a ditch? Phil"
716,"Get a big metal box, label it ""TIME CAPSULE"" and take a big dump in it so people know what 2011 was like."
717,"I'm a terrible singer, I have two left throats"
718,How do you spot two bffs in prison They finish each other's sentences
719,TIL I'm genetically predisposed to love heroin It's in my blood
720,What do you call an iPhone 6S that ran out memory space. Successful
721,"Well, I had to break up with the baker i've been dating She was just too kneady"
722,You can't keep eating people's lunches from the break room & blaming the Taliban. A lot of what you've been stealing is pork for one thing.
723,"My wife says she's leaving me because of my obsession with karaoke. I said ""Fine, go on now go, walk out the door, just turn around now, because your not welcome anymore...."""
724,What do Shakespearian Buddhists eat for breakfast? Om and cheese Hamlets.
725,Q. What does a woman's asshole do when she is having an orgasm? A. He is usually home with the kids!
726,What does a slave driver do with his slaves when he's bored? He racism.
727,The Donner Party Diet Breakfast: Jacks Lunch: Franks Dinner: Patties
728,What did the farmer say when the police found the gate from the public footpath in his barn and accused him of stealing? That's not my stile.
729,Now marriage can be between any two people who are misguided enough to start a life together in New Jersey.
730,"A guy walks into a bar and says, ""I'm going to shoot whoever slept with my wife""! A man shouts from the back, ""You don't got enough bullets, bud""!"
731,Sometimes I'm depressed and then a girl stars one of my tweets and it's like YAAAAYYYY NEW GIRLFRIEND!!!!!
732,Maybe if Red Bull gave me buffalo wings i'd give a shit.
733,The road to recovery from my addiction to sexual innuendos has been a long and hard one. But the end is in sight... I can see it coming.
734,Why is my Tetris highscore like my wife? I beat both of them for fun.
735,"""Kids, grandma just had hip surgery so I need to warn you, she's not herself."" *grandma struts in wearing skinny jeans and smoking an E-cig*"
736,What do you call a motorcycle gang made up of ancient bisexual Norse monarchs? The bikings.
737,"They called their son Honest Abe, because he was honest. They called their daughter Bloody Mary..."
738,Has this one ever been used? Why didn't the chicken cross the road? Because he was chicken. Alright.
739,How do you double the price of a Fiat? Fill the tank
740,"Don't ask me for childcare advice unless you want nuggets of wisdom like ""always punch holes in the box so they can breathe."""
741,What do you call a bald porcupine? Pointless!
742,Why didn't the principal of the school for the blind allow his students to go duck-hunting? He knew that some of them wouldn't miss the blind ...
743,"new iPhone 7 son: Daddy, buy me the new iPhone 7 Dad: What is the magic word? son: Natasha Dad: who is Natasha son: your lover Dad: do you need also a case?"
744,What has 9 arms and sucks? Def Leppard!
745,Q: How many Honor Guards does it take to screw in a light bulb? A: 22 one to screw it in 21 to shoot the bulb.
746,"Cute girl: omg I love this bread [At the next table] Jesus: [loudly, holding up a slice of bread] so this is my body"
747,Did you hear about the Coldplay concert in China last weekend? It was all yellow.
748,What do you call a dumb elephant? Donald Trunk
749,What has 9 arms and sucks? Def Leppard.
750,Why don't prison inmates just use liquid soap?
751,A hawk snatched my gf's chihuahua today.. ..it got rid of that annoying bitch for me in one fowl swoop.
752,What do you call a witch who kills her mother and father? An orphan.
753,The people in this ad look 'indie' & remind me of myself. As a consumer this makes me feel good. Now I will purchase all their products
754,The first rule of procrastination club is: Google some weird shit then take a nap.
755,Don't touch my twat my itchy twitchy twat .... Miley Cyrus. Ba dum tish
756,"When a woman says ""WHAT did you just say?"" say something different."
757,"Sorry I pissed on the walls of your bathroom, but the flowery wall paper made me think I was outside.. Also you're out of Valium"
758,How do two lawyers greet each other? With a firm handshake.
759,What do you call bacteria that can swim fast? Micro Phelps.
760,me: can i have a coke waiter: is Pepsi ok? me: ya pepsi's fine pepsi: i have a boyfriend
761,My girlfriend used to kiss me on the lips but It's all over now.
762,What do you use to cut the ocean? A  seasaw
763,NEVER date someone that works for your cell phone provider. You're welcome.
764,What do you call a black man who dies of heat exhaustion and a white guy that dies of a brain aneurysm? Different Strokes
765,There is a new Barbie doll on the market - Funeral Home Barbie ...complete with hearse coffin and kicky little shroud
766,"Girlfriend: Did you fix the dishwasher? Me: Yup *girlfriend opens dishwasher revealing a monkey covered in bubbles, holding a scrub brush*"
767,Listen to your instincts. Your gut is always right. It may be a little bloated sometimes...but it's right.
768,I think r/jokes may be glitched Top of all time and new both show the same jokes
769,"In Florida, a couple has been accused of making meth in a public library. Isn't that crazy? Florida has a library. -Conan Monologue June 12, 2014"
770,I robbed a place with my boner and said it was a gun... I got a pretty STIFF punishment. I did HARD time. It was LONG sentence.
771,I repaired my drum set after my son broke it... ... ... Now he has to deal with the repercussions.
772,"Pork is awesome, but it's best when used as a verb."
773,[Spelling Bee] -Your word is phlegm -Can you use it in a sentence? *loudly clears throat for 5 minutes*
774,"COP: PUT YOUR HANDS UP OCTOPUS: They're tentacles COP: OK PUT ALL 8 TENTACLES UP OCTOPUS: Two are my legs, dude COP: Just go. I give up."
775,"If you're reading this you're probably addicted to the internet. And by internet, I mean Facebook."
776,Hotel California is basically a negative Yelp review with a two minute guitar solo.
777,Did you hear about the Pirate suffering from scurvy? His attempts to cure it were *fruitless*.
778,What do you call an african american in a 3 piece suit? The defendant.
779,What do you call a German with a bad attitude? A sour Kraut.
780,"Apparently when your boss asks if you're on drugs ""which drugs?"" isn't the appropriate response. I know this now."
781,"I think it is wrong that the Bali 9 get a one minute silence I mean, they already got a 21 gun salute."
782,"When I die, I want a disease named after me, with symptoms that include ""being fucking awesome at everything."""
783,''I want to ruin some songs today.'' -The producers of Glee every morning.
784,How do you know you sister is on her period? Dad's cock tastes like blood.
785,"McDonald's french fries are not real food. Just found one under my car seat from two months ago and it looked perfect. Tasted fine, too."
786,The only thing better than sarcasm... is irony.
787,"Ay' girl,is your dad a terrorist Cause you re da bomb"
788,"What is the greatest intermolecular force of all time? Dipole, dipole, dipole, dipole, and dipole!"
789,Why does an elephant have 4 Feet? Because it would look ridiculous with 8 inches.
790,What's the difference between a midget and a venereal disease? One's a cunning runt and the other's a running cunt.
791,[dinner table] gfs dad: so what do you do for a living me: human trafficking *he chokes* gf: he's a crossing guard dad
792,What do you call a dog with short legs and steel balls? Sparky
793,What is nine inches long and keeps a woman up screaming all night? Sudden Infant Death Syndrome
794,My new bowflex comes tomorrow...so if anyone wants to buy a slightly used bowflex in a couple months let me know.
795,What's the best reason to date a pornstar? You never have to meet her father.
796,Judge: I sentence you to life in prison Defendant: NOOOO MY ONLINE PRESENCE
797,"What does James Bond say after a heavy workout? I would like to have Whey. Shaken, not stirred."
798,Don't look out of the window Betty people will think it's Halloween.
799,I'm trying to explain Twitter to this cop. He still wants to know why I'm driving naked.
800,"Why shouldn't you sleep with a weatherman? They'll promise 12 to 14 inches, but you'll only get 3 to 5."
801,Why did the feminist refuse to work at the post office? Because it was a mail dominated industry
802,"Damn girl, are you a jar of pickles? Because I think I NEED to bang you on my kitchen counter."
803,Why did the Gorilla visit Italy? An advertisement's headline enticed him - See Ape-les and die!
804,"What do you do with an elephant with three balls? Walk him and pitch to the rhino. For non-Americans, this is a baseball joke"
805,"One hair in my soup Waiter, I am outraged. There is one hair in my soup. - And what do you expect for this price? A whole wig?!"
806,"Your baby might be adorable, but so is my cat and she cleans her own butt."
807,What do elephants do in the evenings ? Watch elevision !
808,"""Man, what's eating you today? *looks down* I Don't know.... GET IT OFF OF ME!!!"
809,"Student: Teacher, can I ask you a question? Teacher: You just did."
810,"When Noah was loading the Ark, where did he put the bees? In the Ark-hives."
811,"Star Wars (1977, PG) a group of terrorists enlist the aid of a drug smuggler and a religious fanatic to bomb the seat of governmental power."
812,H: You look nice. Me: I'm meeting one of my Twitter friends today. H: So you want your picture on the evening news to be a nice one? Me: Yep
813,What do you call an inspiring jerk session? A stroke of genius!
814,Did you hear about the man who choked on an issue of The Guardian after learning about his brothers passing? He found the news hard to swallow.
815,"Sometimes I'll start talking to someone on the train, then go ""Oh, this is where I get off"" then close my eyes & stick my hand in my pants."
816,Could you kill a monster just by throwing eggs at him? Of course - he'd be eggs-terminated.
817,"TIFU when I deleted my gym membership, hit my lawyer, &amp; posted it to Facebook."
818,What job do rabbits at hotels have?  Bellhop.
819,Person who fought in WWII hit with pepper spray... Now he is a seasoned veteran.
820,"what is the best way to smuggle drugs? In your dogs asshole. Should there be border control frisking, it will be perceived as two dogs plain wolfing"
821,"Browsing this sub is like mining in a cave Full of bat shit and I mostly get the same things over again, but it's worth the occasional gold I find."
822,Velcro. What a rip off!
823,What did the snail say when he was riding on the back of the turtle? Weeeeeeeeee
824,What bees makes the best milk ? Boob-bees And also this is my first time using Reddit and my account is only 30 minutes old by the time of this post so I have no idea what I am doing
825,My son got me some very expensive cologne for Father's Day. I know it was very expensive because he used my credit card.
826,I work hard so my dog can have a better life.
827,My inspiration for jokes is like a guy at a brothel... It comes and goes... It also occasionally sucks ;)
828,What's a minister's favorite food? Tacos al pastor
829,"How does a nihilist propose to his fiancee? ""Even though my existence is meaningless I want to spend the rest of it with you."""
830,What is the worse thing for a guy to say after sex? My name is Barry Allen
831,What's the difference between Jews and Santa? Santa goes down the chimney.
832,"The other day, I was looking through my socks, when I found one had a hole in it... ""darn it..."" I muttered."
833,"The pub manager is showing the new busboy around the kitchen, when they come to two doors. The busboy asks, ""Which one is the 'in' door?"" ""Let me show you"", says the manager, and 'e walks in."
834,"Me: When I was lying in bed, I found this huge lump. I need it removed. Doctor: Ma'am, that's your husband. Me: And your point is...?"
835,How can you tell Russians are bad at driving stick? cause their cars are always Stalin
836,I did a terrible job preparing for my Blue Man Group audition and boy is my face red
837,Why don't I take my guinea pigs on walksies It's hard on my cavies
838,Why can't you tell secrets in a corn field? ...because there are too many ears.
839,"I lost my job at the hospital today for sexual assault.... It's not my fault that they put up a sign that said, 'stroke patients downstairs'."
840,"CW: The boss said she wanted to see you. Me: That's flattering, but I don't date people from work."
841,I thought The Walking Dead was having a special tonight.... Turns out it was just The Rolling Stones performing at the 12/12/12 concert.
842,Fruit and urinal give a bad name to cakes everywhere.
843,"A priest, a rabbi and a leprechaun walk into a bar. The leprechaun says, ""Bejesus, I'm in the wrong joke!"""
844,"How many Jews does it take to change Hitler's mind? None, there has to be no Jews."
845,"Come on, there has got to be at least one business like show business."
846,"That Hamburger Helper hand guy. There's a twin out there, right? Didn't go into showbiz. Maybe an accountant or something."
847,Two guys walk into a bar.. The third guy ducked.
848,"""Your mission... Should you chose to accept it..."" *Go to a bar you Hate *Put $50 in the Jukebox *Play nothing but Nickelback *Leave"
849,Q) How do you spot a happy motorcyclist in  fair weather? A) He's got bugs on his teeth.
850,"According to my google history, I spent most of last night trying to buy a llama."
851,Pupil: My teacher was mad with me because I didn't know where the Rockies were. Mother: Well next time remember where you put things!
852,What do you call a hot day in Canada? A Nova Scorcha!
853,"How many Freudians does it take to change a lightbulb. Two. One to hold the light bulb and the other to hold the penis. I mean mother. Shit, I mean ladder."
854,What did the old maid get the vasaline for? 84 cents. Joke by my grandfather
855,Teacher: How much is half of 8 Pupil: Up and down or across ? Teacher: What do you mean ? Pupil: Wellup and down makes a 3 or across the middle leaves a 0
856,I got asked how I view lesbian relationships.. Apparently HD wasn't the correct answer.
857,Why did Adele cross the road? She wanted to say hello from the other side. ^^^^^^hilarious ^^^^^^and ^^^^^^original ^^^^^^hahahahahahahahahelpme
858,What do you call a dead blonde in a closet? The winner of last year's hide &amp; go seek contest.
859,What do you call children born of ginger people? Ginger-bred
860,"If you crossed a cow with Michael Jackson what song would you get? ""Beeflt!"""
861,How many McDonald's counter girls does it take to change a light bulb? Two. One to change it and one to put some chips with it.
862,Imagine me naked. Wrong. Fatter.
863,ADHD is ADD in high definition.
864,"The director of ""A Girl in the River"" went to high school with me in Karachi! She won an Oscar! This is not gonna help w my parents. #Oscars"
865,What is a name for a female lawyer? Sue
866,"I heard a guy at the beach screaming, ""HELP! SHARK! HELP!"" I just laughed. I knew that Shark wasn't going to help him."
867,What Is Bluetooth ? When your toothbrush stops working mid brushing
868,Why don't you see hippos hiding in trees? Because they're really good at it.
869,I bet a lot more people would read the Bible if it was called The Adventures of Jesus and Friends.
870,I have a split personality No he doesn't
871,"Duck Dynasty guy is right-- if we baptize all those ISIS guys, Iraq will be safe because Christians never start wars for bullshit reasons."
872,What do people call their grandmother in India? Naana
873,I don't trust stairs They're always up to something...
874,"The pope walks into a Mosque A Muslim looks up and asks ""Why the wrong faith?"""
875,Twitter is working worse than a dollar store pregnancy test.
876,Why were they called the dark ages? Because there were so many knights! Credit: watching Mr. D on Netflix
877,"Who is this ""one""? And why is he always arguing with people?"
878,I had this problem where the cap wouldn't stay on my whiskey bottle. So I fixed it with scotch tape.
879,What's Miley Cyrus eating for Thanksgiving.. Twerky!
880,"Prison counts as a gated community, right?"
881,What Do you get when you cross a kangaroo and a Sheep? A WOOLY JUMPER :)
882,"On your first day in jail, when they ask you what you're in there for, say ""the food"" so all the other prisoners know you're a loose cannon."
883,Farting is your ass referring to itself in the turd person.
884,What do you call a dinosaur that raps about life? A philosorapper
885,A blind dude walks into a bar. Ouch.
886,[breakfast table] Me: Who killed the entire box of Lucky Charms? 8: Not me 9: Not me CEREAL KILLER: Not me either
887,Remember when teachers asked to lie quietly with your head on your desk? My boss has yet to be impressed with this skill.
888,"Normally I can't dance to save my life, but as soon as I step in dog shit, I can moonwalk better than Michael Jackson"
889,Just Friends is my favorite movie that shows fat guys how to get out of the friendzone through perseverance and becoming Ryan Reynolds.
890,[school teacher job interview] Can I ask you some questions? I don't know CAN you? haha impressive [stands] welcome aboard!
891,The Philippines is the only country in the world who turns its flag upside down during times of war while French people remove the red and blue colour
892,I like cheese more than I like most people.
893,"How many cats does it take for a woman to qualify as a ""crazy cat lady?"" None. Just a couple of youtube cat videos."
894,It's funny how liberals think Donald Trump oppresses women and hates gays Like he's a Muslim or something.
895,"My wife is so moody at Christmas, I blame the festive period."
896,Knock Knock Who's there ! Alistair ! Alistair who ? Alistairs in this house are broken !
897,Interviewer: Where were you born? Me: Missouri. I: What state are you in now? M: Apathy. I: That's not what I meant. M: I don't care.
898,"A pharmacy was just robbed. A pharmacy was just robbed $500,000. Security camera footage recorded the criminal taking 2 bottles of aspirin and a Zoloft."
899,Why do elephants have big flat feet? To stamp out flaming ducks.
900,What kind of cheese is made backwards? Edam.
901,What's the difference between Iceland and Ireland? A consonant.
902,What do toads drink ? Croaka-cola !
903,"When I was younger, I was given a choice: a good memory or a long dong. I can't remember which I chose."
904,"Arnold Schwarzenegger glancing up excitedly and then looking away disappointedly multiple times while watching the intro to ""Hey Arnold"""
905,Ironically its exactly 12 steps from my car to the liquor store
906,This mallard waddled into a bar... Should've ducked.
907,Chicks with big tits always seem to say the right things.
908,[Touring Italy] Guide: Bathroom anyone? Me: I peed at the Tower of Pizza Guide: That's Pisa Me: Sorry. I took a pisa at the Tower of Pizza
909,Bough some shoes from my drug dealer. They were pretty nice
910,"A pirate's walking down the beach.... ...when he comes across a little girl. The litter girl says, ""Hey Pirate! Where's your buccaneers??"" The pirate responds, ""tucked inside my buck'n hat!!"""
911,What is the Pope's favorite type of woman? Nun
912,I used to think people who looked for sex on craigslist were rock bottom... Then I discovered twitter.
913,The Walking Dead Season Finale Check back in six months for the punchline.
914,"Proper punctuation... Proper punctuation is the difference between ""helping your Uncle, Jack, off a horse"" and ""helping your uncle jack off a horse"" It's a classic, but a good one"
915,can't now.. having an heated argument with my toaster.
916,"""Why do white people like cheese so much?"" Because they're made from cultures! Edit: Five BLM members disliked this post."
917,"Listen, I hate you... I'm just not... IN hate with you."
918,My grandfather's holocaust stories aren't half as depressing as the contestant interview segment on Jeopardy.
919,"""That'll be $15.99 please"" ""Do you take giant revolving badgers?"" *cashier grabs me by the throat* ""We ONLY take giant revolving badgers"""
920,"Why does Mexico never get gold medals in olympics? Because all their swimmers, runners, and high jumpers are in USA."
921,What kind of headphones are sold in 50 shades of grey? Beats
922,Why did everyone bring a quiche to Sean Connery's party? It was leave your keys at the door.
923,How do you know when a mongol is level? He's drooling from both corners of his mouth.
924,Nothing is more frightening than accidentally making eye contact with a guy who runs a mall kiosk.
925,Wanna heare a joke about potassium? K
926,I showed up later to dinner yesterday because I was baking a turkey. I'm the turkey.     Il see myself to the kitchen table.
927,What do you get when you combine Avogadro's number of avocados? GuacaMole!
928,What do you call a computer that only plays sad songs? Adele
929,"Why do scuba divers roll backwards out of the boat? Cause if they rolled forwards, they would still be in the boat."
930,"Can I get a pina colada please. 'This is Starbucks' Sorry, can I have venti pina colada."
931,"[Enter restaurant] WIFE: See if you can get us a table ME: Ok [1 minute later] ME: [sprinting towards wife, carrying table] START THE CAR"
932,They're remaking Ocean's 11 with an all-female cast and it's gonna be called Ocean's 8 It's that damn wage gap I tell ya!
933,why did hitler commit suicide? Because he saw the gas bill (Thanks nofx)
934,"A man caught me applying chap stick, so I just started eating it so it wouldn't be weird."
935,"A job interview.  What's your worst quality?  Honesty.  Well, i don't think that honesty is a bad quality..  I don't give a fuck what you think."
936,"Girlfriend: ""babe it's hot I need a fan"" [Boyfriend starts taking pictures with her and BEGGING for autographs]"
937,"H: Well, the remote was definitely broken, so I went and bought a new one. Me: H: Oh, and it came with this 75"" television."
938,The economy is so bad I went to buy a toaster and they gave me a bank.
939,"I'll never forget the words of my late Grandfather... ""Sorry I'm late."""
940,I want to die in my sleep like my grandfather... Not screaming and yelling like the passengers in his car.
941,This morning I went for a run and came back home after 2 mins because I forgot something... I forgot that I was fat and could only run for 2 mins.
942,Your mama so fat.. Her curve set everyone's grade to A+
943,I made a company that disguises land mines as prayer mats... Prophets are through the roof
944,"Damn girl, are you a 48-pack of frozen corn dogs? Because I thought it would last forever."
945,Warning: Dead baby joke What's the difference between a dead baby and a rock. You can't fuck a rock.
946,"Tea makes everything great,even meth. Cos without T,meth is just meh."
947,I can't believe I forgot to bring sunscreen to the beach.... ...boy was my face red.
948,He who smiles in a crisis has found someone to blame.
949,What did the lesbian vampire say to the other lesbian vampire? Same time next month?
950,Dallas Black people: please be Muslim please be Muslim please be Muslim Muslim people: please be black please be black please be black
951,My Wife is refusing to fry any food and is insisting on eating healthier. She is turning into a Kitchen Nazi. She keeps sticking everything in the oven.
952,2 words can open up many doors in your life. Push and Pull
953,Why are most Muslims broke all the time? They never understood the concept of piggy banks.
954,Why should we call Indians Native Americans? Most of those ones over in Asia have never even been to the States.
955,Knock knock..Who's there?..Interrupting coefficient of friction.. The interrupting coeff--- MU!
956,I just got back from r/Synesthesia It tasted great!
957,"Q: Why are elephants big, wrinkled, grey, and hairy? A: Because if they were small, smooth, white, and hairless, they'd be aspirin tablets!"
958,I accidentally left a butt plug up her ass for 2 weeks... No shit
959,"My ex broke up with me but left a bag of chips in my car. 3 weeks passed and I texted ""I still got your chips if you want them."""
960,"When googling Gary Oldman I highly suggest not forgetting the ""R"""
961,What do DNA and Diarrhea have in common? They both run in your jeans (genes)
962,"Well I was going to donate blood today until.... the lady got all personal and started asking, ""Who's blood is this?"" and ""How did you get it?"""
963,Colonel Mustard. In the kitchen. Eating soup. Calm down.
964,"[at funeral] ""it was so sudden"" really? ""yeah right in the middle of rap battle"" I thought you said he died of dysentery TERRY: That's right"
965,My wife's star sign was cancer and it's actually quite ironic how she died.. She was attacked by a crab.
966,I always eat at McDonald's when they do the Monopoly pieces. 1 in 4 wins obesity.
967,What did the pirates say who stole Kim Kardashians jewelry? We wanted her booty!
968,"I bet the guy who invented fake dog shit was upset the name ""shampoo"" was taken"
969,What do you call a lesbian dinosaur? (Slightly NSFW) A lick-a-lot-a-puss.
970,I think I'm gonna make a bracelet that supports getting rid of bracelets that support stuff.
971,[around campfire] ME: *grabs guitar* Hey kids how about a song? KIDS: Yeah! ME: ok *clears throat* LET THE BODIES HIT THE FLOOR LET THE BODI
972,"Luke, I am your father. Man you should see your face right now. It's all like waaaaaat no way."
973,"Money is the root of all evil, until the collection plate comes around"
974,how to get into shape: 1. punch a bear 2. run. this is your life now
975,"A little boy with diarrhea tells his mom he needs Viagra. The mom asks, ""Why on earth do you need that?"" The little boy replies, ""isn't that what you give dad when HIS shit won't get hard?!"""
976,What do you call someone who discriminates you for your oral hygiene? A dent*ist*.
977,Why do geologists perform so well during intercourse? They really know how to make bedrock.
978,Harry is a? Fucking WIZARD!
979,"On TV shows, answering machines are actually saying leave a message after the fuck."
980,What do James Cameron and M. Night Shamylan have in common? Icy dead people.
981,"""So, doctor, do I have cancer or not?"" ""Oh Jesus Christ, holy shit, tons of it,"" said the doctor to Martin Shkreli."
982,Billy Mays is in heaven now... Billy Mays is up in Heaven partying like it's $19.99.
983,"Late to Fight Club Was late to my Fight Club last night so I missed the intro rules. I love Fight Club, I'd highly recommend Fight Club."
984,It's green but when you press a button it turns red. A frog in a blender.
985,Whats the difference between Santa Clause and me ? Santa Only Cums Once A Year
986,"What do my wife and a chest freezer have in common? The exterior is hot, but its cold as ice inside."
987,Where did Napoleon keep his armies? In his sleevies.
988,I farted in a room full of hipsters.. then watched them fight over who heard it first.
989,I guess I prefer Subway because they make me feel like I'm making the healthy decision when I order a loaf of bread with 18 meatballs on it.
990,"i'm the girl your mom warned you about... long nails, big eyes, purple tongue, green skin. i'm reptar. i'm reptar from rugrats."
991,Where did Napoleon keep his armies? In his sleevies!
992,What did the mermaid do last Saturday night? She went out with the tide.
993,"Instead of sending friends Christmas cards, is it ok If I return the ones I got and just add the words ""Me too""?"
994,The phrase 'lazy asshole' is an oxymoron... Because an asshole gets shit done.
995,What do vegetables watch when they're horny? Corn
996,"I can't believe you ""accidentally"" let it slip into her butt! Dick move, asshole."
997,One of my favourite things is Pork Souvlaki on a Pita But it's hard to get the animal rights activists to stay still
998,New low: Looking in my purse and seeing my TV remote.
999,"If she's naming your wedding album on facebook ""wEdDiNg dAy!!!!!"" she's too young for you bro."